part_number,description,description_de,hs_code
0100-12345,"Wafer stage assembly, spare part for optical wafer inspection system","Wafer-Tisch-Baugruppe, Ersatzteil für optisches Wafer-Inspektionssystem",9031.90
0100-12345-B,"Wafer stage assembly, spare part for optical wafer inspection system","Wafer-Tisch-Baugruppe, Ersatzteil für optisches Wafer-Inspektionssystem",9031.90
0100-20417,"Wafer stage assembly, spare part for optical wafer inspection system, Rev C",,9031.90
0200-55120,"Linear motor 24 V for positioning stage",,8501.10
0200-55120-A,"Linear motor 24 V for positioning stage","Linearmotor 24 V für Positioniertisch",8501.31
0300-77001,"Optical inspection system for semiconductor wafers","Optisches Inspektionssystem für Halbleiterwafer",9031.41
0400-10010,"Hex bolt M10x40 stainless A2","Sechskantschraube M10x40 Edelstahl A2",7318.15
0400-10011,"Hex bolt M12x40 stainless A4","Sechskantschraube M12x40 Edelstahl A4",7318.15
0500-00077,"Rechargeable lithium-ion battery pack 14.4 V for service laptop",,8507.60
